ralf drautz	ralf.drautz@rub.de	ralf.drautz@materials.ox.ac.uk
yuncheng you	you@mail.usf.edu	you@math.usf.edu
yair bartal	yair@cs.huji.ac.il	yair@caltech.edu
benjamin sudakov	bsudakov@math.ucla.edu	 bsudakov@math.ucla.edu
randall rojas	rrojas@stat.ucla.edu	rrojas@ucla.edu
haifeng li	haifengli@usc.edu	haifengl@usc.edu
dai-gyoung kim	dgkim@hanyang.ac.kr	dgkim@ucla.edu
j. mark ettinger	mettinger@mii.ucla.edu	ettinger@lanl.gov
egbert tse	tse@arete.com	etse@arete.com
mitchell luskin	luskin@umn.edu	luskin@math.umn.edu
alan lee	alan.lee@amd.com	alanlee@ucla.edu
buhm han	buhan@cs.ucla.edu	buhan@cs.ucsd.edu
chrysoula tsogka	tsogka@math.stanford.edu	tsogka@tem.uoc.gr 
maria d'orsogna	dorsogna@csun.edu	dorsogna@math.ucla.edu
wei zhu	wzhu7@ua.edu	wzhu@math.ucla.edu	wzhu7@bama.ua.edu
dara ghahremani	dara@psych.stanford.edu	dara@psych.ucla.edu
george papanicolaou	papanico@math.stanford.edu	papanico@georgep.stanford.edu
stefano soatto	soatto@ucla.edu	soatto@cs.ucla.edu
david van essen	vanessen@brainvis.wustl.edu 	vanessen@v1.wustl.edu
yalin wang	ylwang@math.ucla.edu	ylwang@asu.edu
ted yu	tedhyu@yahoo.com	tedyu@math.ucla.edu
bjorn engquist	engquist@math.ucla.edu	engquist@math.utexas.edu
idris assani	assani@math.unc.edu	assani@email.unc.edu
hubert saleur	saleur@physics.usc.edu	saleur@usc.edu
narayanan sadagopan	narayans@yahoo-inc.com	narayans@cs.usc.edu
jeff eisenbeis	jeisenbe@cmu.edu	jeisenbe@andrew.cmu.edu
danny barash	barash@efriedman.biomath.nyu.edu	barash@biomath.nyu.edu
anna wienhard	wienhard@math.uchicago.edu	wienhard@math.princeton.edu
martin strauss	martinjs@eecs.umich.edu	martinjs@umich.edu
stanislav smirnov	stanislav.smirnov@unige.ch	stanislav.smirnov@math.unige.ch 
yulong xing	xing@cims.nyu.edu	xingy@math.utk.edu
dorit hochbaum	hochbaum@ieor.berkeley.edu 	hochbaum@usc.edu
qiang liu	qliu@neuronet.pitt.edu	qliu1@uci.edu
jingwei hu	hu@ices.utexas.edu	hu@math.wisc.edu
tal rabin	talr@us.ibm.com	talr@watson.ibm.com
greg hammett	hammett@pppl.gov	ghammett@pppl.gov
venkat chandrasekaran	venkatc@berkeley.edu	venkatc@caltech.edu
maria carvalho	mcarvalh@math.gatech.edu	mcarvalh@cii.fc.ul.pt
xiaobin niu	xbniu@ucla.edu	xbniu@math.ucla.edu
deborah estrin	destrin@ucla.edu	destrin@cs.ucla.edu
qing nie	qnie@uci.edu	qnie@math.uci.edu
steven low	slow@fastsoft.com	slow@caltech.edu
tao li	taoli@cs.fiu.edu	taoli@cs.rochester.edu
assaf naor	naor@cims.nyu.edu	anaor@microsoft.com
frank vallentin	f.vallentin@tudelft.nl	f.vallentin@tudelft.n
ying wang	wang@umn.edu	wang@math.umn.edu
william kantor	kantor@math.uoregon.edu	kantor@uoregon.edu
david shattuck	shattuck@sipi.usc.edu	shattuck@loni.ucla.edu
gilad lerman	lerman@math.umn.edu	lerman@umn.edu 
cynthia dwork	dwork@microsoft.com	 dwork@microsoft.com
kate okikiolu	okikiolu@euclid.ucsd.edu	okikiolu@math.jhu.edu
dennis mock	dmock@sdsc.edu	dmock@ucla.edu
matthew badger	badger@math.sunysb.edu	mbadger@math.washington.edu
robert bryant	bryant@math.duke.edu	bryant@msri.org
michael wall	mewall@lanl.gov	mwall@mines.edu
pieter swart	swart@tmail.lanl.gov	swart@lanl.gov
hongzhe li	hli@cceb.upenn.edu	hli@dna.ucdavis.edu	hongzhe@upenn.edu
jeffrey haack	haack@math.utexas.edu	haack@math.wisc.edu
eitan tadmor	tadmor@cscamm.umd.edu	tadmor@math.umd.edu
jason morton	mortonj@math.berkeley.edu	morton@math.psu.edu
yu chuan tai	yu.tai@roche.com	tu.tai@roche.com
yingda cheng	ycheng@math.utexas.edu	ycheng@math.msu.edu
demetri terzopoulos	dt@mrl.nyu.edu	dt@cs.ucla.edu
chiu-yen kao	kao@math.ohio-state.edu	kao@ima.umn.edu
steve lu	stevelu8@gmail.com	stevelu@math.ucla.edu
tom hou	hou@cms.caltech.edu	hou@ama.caltech.edu
cumrun vafa	vafa@physics.harvard.edu	vafa@theory.caltech.edu
ivan mizera	mizera@stat.ualberta.ca	imizera@yahoo.com
gabor kun	kungabor@ias.edu	kungabor@cs.elte.hu
arieh warshel	warshel@rcf.usc.edu	warshel@usc.edu
humberto naves	hnaves@math.ucla.edu	hnaves@ucla.edu
darren kessner	dkessner@ucla.edu	dkessner@gmail.com
robert guralnick	guralnic@usc.edu	guralnic@math.usc.edu
john doyle	doyle@caltech.edu	doyle@cds.caltech.edu
jamylle carter	jcarter@ima.umn.edu	jcarter@msri.org	carte067@umn.edu	jcarter@dvc.edu
angel garcia	angel@rpi.edu	angel@t10.lanl.gov
amber puha	apuha@ipam.ucla.edu	apuha@csusm.edu
ma'ayan bresler	mbresler@princeton.edu	mbresler@eecs.berkeley.edu
thomas laurent	laurent@math.ucla.edu	laurent@math.ucr.edu
rudy horne	rhorne@amath.unc.edu	rhorne@morehouse.edu
andrew bernoff	ajb@hmc.edu	ajb@math.hmc.edu
greg pottie	pottie@ee.ucla.edu	pottie@icsl.ucla.edu
wilfrid gangbo	gangbo@math.gatech.edu	 gangbo@math.gatech.edu
sung ha kang	kang@math.gatech.edu	skang@ms.uky.edu
boaz nadler	boaz.nadler@yale.edu	boaz.nadler@weizmann.ac.il
max petersen	max@math.ucla.edu	max@ucla.edu	max@accelrys.com
jeff shamma	shamma@seas.ucla.edu	shamma@ucla.edu
nagambal shah	nshah@spelman.edu	nshah@spelman.edu 
sookkyung lim	limsk@mbi.osu.edu	limsk@math.uc.edu
matthew keegan	mskeegan@hrl.com	mkeegan@math.ucla.edu 
michal sramka	msramka@cpsc.ucalgary.ca	sramka@math.fau.edu
ting kei pong	tkpong@math.washington.edu	tkpong@gmail.com
james gee	gee@rad.upenn.edu	gee@mail.med.upenn.edu
paul bunn	paulbunn@ucla.edu	paulbunn@math.ucla.edu
andrea bertozzi	bertozzi1@math.ucla.edu	bertozzi@math.ucla.edu
bruce kleiner	bkleiner@courant.nyu.edu	bkleiner@umich.edu
ismael yacoubou djima	ismael.yacouboudjima@cix.csi.cu	ismael.yacouboudjima@cix.csi.cuny.edu
yiming lou	ylou@seas.ucla.edu	ylou@ucla.edu
cheng-hao chien	chenghac@usc.edu	chenghao@caltech.edu
christopher lee	leec@mbi.ucla.edu	leec@chem.ucla.edu
shaun gittens	sgittens@cs.umd.edu	gittens@auburn.edu
lothar reichel	reichel@mcs.kent.edu	reichel@math.kent.edu
anil hirani	hirani@caltech.edu	hirani@its.caltech.edu	hirani@cs.uiuc.edu
xin zhou	zhou@mpip-mainz.mpg.de	xzhou@lanl.gov
alvina goh	agoh@jhu.edu	ajoh@jhu.edu
tapio schneider	tapio@caltech.edu	tapio@cims.nyu.edu
steven klee	klees@math.washington.edu	klee@math.ucdavis.edu
paul atzberger	atzberg@rpi.edu	atzberg@math.ucsb.edu
sam roweis	roweis@cs.nyu.edu	roweis@cs.toronto.edu
antonio marquina	marquina@math.ucla.edu	marquina@uv.es
todd squires	squires@engineering.ucsb.edu	tsquires@acm.caltech.edu
shaun maguire	smaguire@usc.edu	smaguire@caltech.edu	shaunmaguire@gmail.com
marko budisic	mbudisic@engr.ucsb.edu	mbudisic@engineering.ucsb.edu
gert lanckriet	gert@ece.ucsd.edu	gert@cs.berkeley.edu
wing wong	wwong@hsph.harvard.edu	whwong@stanford.edu
marco duarte	duarte@rice.edu	mduarte@princeton.edu
bruno olshausen	baolshausen@ucdavis.edu	baolshausen@berkeley.edu
wei sun	sunwei@stat.ucla.edu	sunwei@ucla.edu	weisun@email.unc.edu
stephanie somersille	steph@math.berkeley.edu	steph@math.utexas.edu
lexing ying	lexing@math.utexass.edu	lexing@math.utexas.edu	lexing@acm.caltech.edu
young chul cha	cookie58z@gmail.com	cookie58@cs.ucla.edu
david clark	ddc@csail.mit.edu	ddc@lcs.mit.edu
michael wakin	wakin@umich.edu	wakin@acm.caltech.edu
david haussler	haussler@soe.ucsc.edu	haussler@cse.ucsc.edu
vikram gavini	vikramg@caltech.edu	vikramg@umich.edu
avi wigderson	avi@ias.edu 	avi@math.ias.edu
richard sharp	rwsharp@cmu.edu	rsharp@princeton.edu
joseph teran	jteran@math.ucla.edu	teran@cims.nyu.edu
andrea montanari	montanari@stanford.edu	montanar@stanford.edu
yuval kluger	yuval.kluger@med.nyu.edu 	yuval.kluger@yale.edu
charles kemp	ckemp@mit.edu	ckemp@cmu.edu
chiara sabatti	csabatti@ucla.edu	sabatti@stat.stanford.edu
michael barnes	mabarnes@umd.edu	mabarnes@mit.edu
hector romero	eletor@oeg.fcien.edu.uy	eletor@fcien.edu.uy
lily khadjavi	lkhadjavi@lmu.edu	lkhadjav@lmu.edu
edward marcotte	marcotte@icmb.utexas.edu	marcotte@intron.icmb.utexas.edu
daniel manchala	daniel.manchala@xeroxlabs.com	daniel.manchala@xerox.com
bjorn birnir	birnirb@gmail.com	birnir@math.ucsb.edu
noah rosenberg	noahr@stanford.edu	noahr@usc.edu
semyon tsynkov	stsynkov@unity.ncsu.edu	tsynkov@math.ncsu.edu
hamid krim	ahk@ncsu.edu	ahk@eos.ncsu.edu
bjorn stevens	 bjorn.stevens@zmaw.de	bjorn.stevens@zmaw.de
daniel onofrei	onofrei@math.uh.edu	onofrei@math.utah.edu
ron donagi	donagi@sas.upenn.edu	donagi@math.upenn.edu
nader motee	motee@seas.upenn.edu	motee@cds.caltech.edu
sadasivan shankar	sadasivan.shankar@gmail.com	sadasivan.shankar@intel.com
sergey yekhanin	yekhanin@microsoft.com	yekhanin@mit.edu
murugiah muraleetharan	mmuralee@lehigh.edu	muralee@math.ucr.edu
patricia cheng	cheng@lifesci.ucla.edu	cheng@psych.ucla.edu
jeff moehlis	jmoehlis@math.princeton.edu	moehlis@engineering.ucsb.edu
debra richardson	djr@ics.uci.edu	djr@uci.edu
seckin sahin	sahin@pic.ucla.edu	sahin@ucla.edu
weiqing ren	weiqing@cims.nyu.edu	weiqing@math.princeton.edu
nancy woolf	woolf@psych.ucla.edu	nwoolf@ucla.edu
xinwei yu	xinweiyu@math.ucla.edu	xinweiyu@acm.caltech.edu
adriana palacio	apalacio@bowdoin.edu	apalacio@cs.ucsd.edu
david blei	blei@cs.cmu.edu	blei@cs.princeton.edu
jianfeng lu	jianfeng@cims.nyu.edu	jianfeng@math.princeton.edu
kamalika chaudhuri	kamalika@gmail.com	kamalika@cs.berkeley.edu
keith holyoak	holyoak@psych.ucla.edu	holyoak@lifesci.ucla.edu
jian zhang	jianz@amgen.com	jiang@amgen.com
kaushik bhattacharya	bhatta@caltech.edu	bhatta@cco.caltech.edu
zhenkuan pan	zkpan@qdu.edu.cn	zkpan@math.ucla.edu
itzhak bars	bars@physics.usc.edu	bars@usc.edu
aditya ramamoorthy	adityar@iastate.edu 	adityar@ee.ucla.edu
lawrence carin	lcarin@duke.edu	lcarin@ece.duke.edu
francisco pereira	fpereira@princeton.edu	fpereira@cs.cmu.edu
vidvuds ozolins	vidvuds@ucla.edu	vidvuds@seas.ucla.edu
chih-ming ho	chihming@ucla.edu	chihming@seas.ucla.edu
birgitta whaley	whaley@berkeley.edu	whaley@socrates.berkeley.edu
barna bihari	bihari@llnl.gov	bihari1@llnl.gov
leslie greengard	greengard@courant.nyu.edu	greengard@cims.nyu.edu
daniel geschwind	dhg@mednet.ucla.edu	dhg@ucla.edu
neil katuna	nkatuna@princeton.edu	nkatuna@math.ucla.edu	nkatuna@ucla.edu
jack xin	jxin@math.utexas.edu	jxin@math.uci.edu
lawrence saul	saul@cs.ucsd.edu	lsaul@cis.upenn.edu
dejan slepcev	slepcev@math.ucla.edu	slepcev@math.cmu.edu	dslepcev@math.utexas.edu
amir dembo	amir@math.stanford.edu	amir@stat.stanford.edu
martin hemberg	martin.hemberg@imperial.ac.uk	martin.hemberg@childrens.harvard.edu
yuval peres	peres@microsoft.com	peres@stat.berkeley.edu
chi-wang shu	shu@smtp.dam.brown.edu	shu@dam.brown.edu	shu@cfm.brown.edu
joel tropp	jtropp@caltech.edu	jtropp@acm.caltech.edu
marcus roper	mroper@deas.harvard.edu	mroper@math.ucla.edu
myungjoo kang	mkang@snu.ac.kr	mkang@math.ucla.edu
david warland	dkwarland@mac.com	dkwarland@iqengines.com
michael holst	mholst@math.ucsd.edu	mholst@ucsd.edu
alan perelson	asp@lanl.gov	asp@t10.lanl.gov
xuming he	hexm@stat.ucla.edu	hexm@cs.toronto.edu
hau-tieng wu	hauwu@princeton.edu	hauwu@math.princeton.edu
nathan srebro	nati@uchicago.edu	nati@ttic.edu
chunjae park	cpark@nasc.snu.ac.kr	cjpark@konkuk.ac.kr
darlene goldstein	darlene@math.ucla.edu	darlene@stat.ucla.edu
bokai yan	yan@math.wisc.edu	byan@math.ucla.edu
austin yang	austiny@hsc.usc.edu	austiny@usc.edu
andrey novoseltsev	novoselt@u.washington.edu	novoselt@gmail.com
paul barford	pb@cs.wisc.edu	 pb@cs.wisc.edu
virginia pasour	pasour@math.ucla.edu	pasour@cam.cornell.edu	virginia.pasour@us.army.mil
justin romberg	jrom@acm.caltech.edu	jrom@ece.gatech.edu
shafi goldwasser	shafi@csail.mit.edu	shafi@theory.csail.mit.edu
subhash khot	khot@cs.nyu.edu	khot@courant.nyu.edu
mira todorova	m.todorova@mpie.de	m.todorova@physics.usyd.edu.au
terry speed	terry@stat.berkeley.edu	terry@wehi.edu.au
iftikhar burhanuddin	burhanud@math.ucla.edu	burhanud@usc.edu
mohamed omar	momar@ucdavis.edu	momar@caltech.edu
tony q.s. quek	qsquek@mit.edu	qsquek@i2r.a-star.edu.sg
omayra ortega	omayra.ortega@asu.edu	omayra.ortega@asu.edu 
wenjing liao	wjliao@math.ucdavis.edu	wjliao@math.ucdavisedu
jonathan taylor	jonathan.taylor@stanford.edu 	jonathan.taylor@stanford.edu
balaji prabhakar	balaji@stanford.edu	balaji@isl.stanford.edu
eric michielssen	emichiel@umich.edu	emichiel@uiuc.edu	michiels@decwa.ece.uiuc.edu
jan-olov strömberg	jostromb@kth.se	jostromb@math.kth.se
paige randall	paige@caltech.edu	paige@acm.caltech.edu
lek-heng lim	lekheng@stanford.edu	lekheng@galton.uchicago.edu
andrzej zuk	zuk@math.uchicago.edu	zuk@math.jussieu.fr
laura balzano	sunbeam@ece.wisc.edu	sunbeam@ee.ucla.edu
jesper jacobsen	jacobsen@ipno.in2p3.fr	jacobsen@lptms.u-psud.fr
elizabeth thompson	eathomp@washington.edu	eathomp@u.washington.edu
bruce maggs	bmm@cs.cmu.edu	bmm@cs.duke.edu
mani srivastava	mbs@ee.ucla.edu	mbs@ucla.edu
weinan e	weinan@princeton.edu	weinan@math.princeton.edu
catherine grasso	cgrasso@med.umich.edu	cgrasso@mbi.ucla.edu
jianliang qian	qian@math.ucla.edu	qian@math.msu.edu
yin zhang	yzhang@caam.rice.edu 	yzhang@cs.utexas.edu
william klug	klug@ucla.edu	klug@seas.ucla.edu 
panagiota daskalopoulos	pdaskalo@math.uci.edu	pdaskalo@math.columbia.edu
jonathan weare	weare@math.berkeley.edu	weare@uchicago.edu
florence lin	fjlin@math.usc.edu	fjlin@usc.edu
ganesh sundaramoorthi	ganeshs@ece.gatech.edu	ganeshs@ucla.edu	ganesh.sundaramoorthi@kaust.edu.sa
yi sun	yisun@cims.nyu.edu	yisun@math.sc.edu
bernard sapoval	bernard.sapoval@polytechnique.fr	bernard.sapoval@polytechnique.edu
michael waterman	msw@usc.edu	msw@hto-b.usc.edu
robert korty	korty@mit.edu	korty@caltech.edu
jose costa	jcosta@umich.edu	jcosta@caltech.edu
shawn cokus	cokus@math.ucla.edu	cokus@mcdb.ucla.edu
hideo mabuchi	hmabuchi@caltech.edu	hmabuchi@its.caltech.edu
eric chung	tschung@math.cuhk.edu.hk	tschung@math.ucla.edu
wael emara	waemar01@louisville.edu	waemar01@cardmail.louisville.edu
sam gustman	sgustman@college.usc.edu	sgustman@usc.edu
brett borden	bhborden@nps.edu	bhborden@monterey.nps.navy.mil
joshua baron	jwbaron@math.ucla.edu	jwbaron@ucla.edu
jinqiao duan	duan@iit.edu	jduan@ipam.ucla.edu
henry kautz	kautz@cs.rochester.edu	kautz@cs.washington.edu
ray yang	ryang@math.utexas.edu	ryang@cims.nyu.edu
takashi sakajo	sakajo@math.nagoya-u.ac.jp	sakajo@math.sci.hokudai.ac.jp
inwon kim	ikim@math.mit.edu	ikim@math.ucla.edu
xavier bresson	xbresson@cityu.edu.hk	xbresson@math.ucla.edu
fadil santosa	santosa@math.umn.edu	santosa@ima.umn.edu
paul rodriguez	prodrig@t7.lanl.gov	pfrodrig@uci.edu
alexandre cunha	cunha@caltech.edu	cunha@cmu.edu	cunha@ucla.edu
anatole von lilienfeld	anatole@mcs.anl.gov	anatole@alcf.anl.gov
meredith betterton	mdb@newton.colorado.edu	mdb@colorado.edu
david van dyk	dvd@uci.edu	dvd@ics.uci.edu
fernando paganini	paganini@ee.ucla.edu	paganini@ort.edu.uy
herbert medina	hmedina@lmumail.lmu.edu	hmedina@lmu.edu
sergei shandarin	 sergei@ku.edu	sergei@ku.edu
evan johnson	ejohnson@math.wisc.edu	ejofnson@math.wisc.edu
petr plechac	plechac@math.utk.edu	plechac@math.udel.edu	plechac@maths.warwick.ac.uk
kiran kedlaya	kedlaya@mit.edu	kedlaya@math.mit.edu
eric vanden-eijnden	eve2@cims.nyu.edu	eve2@courant.nyu.edu
simona bordoni	bordoni@atmos.ucla.edu	bordoni@gps.caltech.edu
laurent el ghaoui	elghaoui@berkeley.edu	elghaoui@eecs.berkeley.edu
blake hunter	blakehunter@math.ucdavis.edu	blakehunter@math.ucla.edu
hai qian	haiqian@ucla.edu	haiqian@ee.ucla.edu
hailin jin	hljin@adobe.com	hljin@cs.ucla.edu
kevin squire	ksquire@mednet.ucla.edu	kmsquire@nps.edu
norbert pozar	npozar@ucla.edu	npozar@quick.cz	npozar@math.ucla.edu
shagnik das	shagnik@gmail.com	shagnik@ucla.edu
maryam fazel	mfazel@ee.washington.edu	mfazel@uw.edu	mfazel@u.washington.edu
homa karimabadi	homa@san.rr.com	homa@ece.ucsd.edu
antonis papachristodoulou	antonis@its.caltech.edu	antonis@cds.caltech.edu
ingrid daubechies	ingrid@math.duke.edu	ingrid@math.princeton.edu	vmarino@princeton.edu
ryan rosario	rosario@stat.ucla.edu	rosario@ucla.edu
lei ni	lni@math.ucsd.edu	lni@euclid.ucsd.edu
sandrine dudoit	sandrine@genome.stanford.edu	sandrine@stat.berkeley.edu
ming yan	yanm@math.ucla.edu	yanm@ucla.edu
avinash ravichandran	avinash@cis.jhu.edu	avinash@cs.ucla.edu
xingye kan	xykean@math.ucla.edu	xykean@gmail.com
mark coodey	mark.r.coodey@aero.org.	mark.r.coodey@aero.org
b brent gordon	bgordon@cs.umd.edu	bgordon@nsf.gov
roberto facundo memoli techera	memoli@mail.ece.umn.edu	memoli@math.stanford.edu
elliot landaw	elandaw@biomath.medsch.ucla.edu	elandaw@biomath.ucla.edu
robert skeel	skeel@cs.purdue.edu	skeel@cs.uiuc.edu
xue-cheng tai	tai@math.uib.no	tai@mi.uib.no
weixiong zhang	zhang@cs.wustl.edu	zhang@cse.wustl.edu
sergei gukov	gukov@tomonaga.harvard.edu	gukov@democritus.harvard.edu
xi chen	xchen@astro.ucla.edu	xichen@cs.cmu.edu
natasha lepore	nlepore@loni.ucla.edu	lepore@tornado.harvard.edu
nancy rodriguez	nrodriguez@math.ucla.edu	nrodriguez@math.stanford.edu
debashis ghosh	ghoshd@umich.edu	ghosh@hwi.buffalo.edu
